order_id,order_date,customer_id,product_id,quantity,unit_price,revenue
400001,2025-04-01,2063,1012,3,118.68,356.05
400002,2025-04-01,2084,1012,1,115.24,115.24
400003,2025-04-01,2031,1013,1,126.43,126.43
400004,2025-04-01,2014,1017,1,122.35,122.35
400005,2025-04-01,2047,1010,1,120.51,120.51
400006,2025-04-01,2100,1001,2,123.34,246.67
400007,2025-04-01,2051,1011,3,117.8,353.41
400008,2025-04-01,2071,1010,2,111.16,222.32
400009,2025-04-01,2099,1009,1,189.86,189.86
400010,2025-04-01,2012,1009,2,198.5,397.01
400011,2025-04-01,2004,1006,2,195.69,391.38
400012,2025-04-01,2083,1008,2,187.76,375.52
400013,2025-04-01,2052,1014,1,120.7,120.7
400014,2025-04-01,2010,1009,3,208.49,625.46
400015,2025-04-01,2070,1019,2,199.74,399.48
400016,2025-04-01,2062,1003,2,119.46,238.93
400017,2025-04-01,2016,1013,3,120.31,360.92
400018,2025-04-01,2094,1011,3,126.52,379.57
400019,2025-04-01,2064,1018,1,206.88,206.88
400020,2025-04-01,2073,1006,2,216.0,432.01
400021,2025-04-01,2088,1019,2,190.41,380.81
400022,2025-04-01,2067,1001,2,119.09,238.19
400023,2025-04-01,2033,1015,3,199.47,598.4
400024,2025-04-01,2058,1017,2,116.76,233.51
400025,2025-04-02,2045,1011,2,120.61,241.22
400026,2025-04-02,2068,1015,2,195.37,390.73
400027,2025-04-02,2006,1009,3,209.16,627.49
400028,2025-04-02,2010,1010,1,116.19,116.19
400029,2025-04-02,2002,1001,2,117.78,235.55
400030,2025-04-02,2088,1010,1,126.03,126.03
400031,2025-04-02,2049,1008,2,197.05,394.1
400032,2025-04-02,2091,1010,1,127.31,127.31
400033,2025-04-02,2076,1015,1,202.82,202.82
400034,2025-04-02,2056,1001,3,119.05,357.16
400035,2025-04-02,2059,1002,1,196.45,196.45
400036,2025-04-02,2038,1001,1,123.13,123.13
400037,2025-04-02,2097,1002,2,197.28,394.56
400038,2025-04-02,2047,1020,1,119.97,119.97
400039,2025-04-02,2006,1016,3,202.77,608.32
400040,2025-04-02,2038,1003,1,110.23,110.23
400041,2025-04-02,2011,1011,3,120.79,362.36
400042,2025-04-02,2043,1018,3,193.35,580.04
400043,2025-04-03,2060,1005,3,203.94,611.83
400044,2025-04-03,2091,1004,2,123.37,246.74
400045,2025-04-03,2077,1016,1,191.73,191.73
400046,2025-04-03,2031,1002,2,191.56,383.13
400047,2025-04-03,2076,1013,1,115.88,115.88
400048,2025-04-03,2085,1019,3,200.71,602.14
400049,2025-04-03,2002,1004,3,119.43,358.29
400050,2025-04-03,2009,1007,1,121.74,121.74
400051,2025-04-03,2023,1013,2,124.06,248.13
400052,2025-04-03,2040,1020,1,115.94,115.94
400053,2025-04-04,2099,1001,1,112.62,112.62
400054,2025-04-04,2028,1014,2,126.92,253.84
400055,2025-04-04,2016,1009,3,198.72,596.16
400056,2025-04-04,2053,1010,3,125.27,375.82
400057,2025-04-04,2084,1011,3,116.19,348.58
400058,2025-04-04,2088,1003,3,113.87,341.6
400059,2025-04-04,2025,1001,1,124.64,124.64
400060,2025-04-04,2052,1002,1,194.44,194.44
400061,2025-04-04,2068,1017,1,120.04,120.04
400062,2025-04-04,2072,1015,1,197.6,197.6
400063,2025-04-04,2074,1018,1,213.23,213.23
400064,2025-04-04,2006,1012,3,114.94,344.82
400065,2025-04-04,2060,1009,3,211.26,633.77
400066,2025-04-04,2061,1014,2,119.0,238.0
400067,2025-04-04,2038,1002,1,205.88,205.88
400068,2025-04-04,2097,1010,2,120.34,240.69
400069,2025-04-04,2010,1006,3,195.69,587.06
400070,2025-04-04,2007,1009,3,191.13,573.4
400071,2025-04-04,2090,1003,3,117.57,352.7
400072,2025-04-04,2012,1015,3,199.73,599.19
400073,2025-04-04,2089,1010,3,123.02,369.07
400074,2025-04-04,2092,1002,1,198.79,198.79
400075,2025-04-04,2026,1015,3,205.44,616.33
400076,2025-04-04,2025,1017,2,117.29,234.59
400077,2025-04-05,2060,1006,1,207.73,207.73
400078,2025-04-05,2009,1009,2,206.25,412.5
400079,2025-04-05,2032,1001,2,124.42,248.85
400080,2025-04-05,2044,1001,1,114.02,114.02
400081,2025-04-05,2062,1004,2,122.37,244.74
400082,2025-04-05,2024,1015,2,211.88,423.75
400083,2025-04-05,2097,1010,1,111.89,111.89
400084,2025-04-05,2085,1011,1,119.94,119.94
400085,2025-04-05,2012,1016,3,186.85,560.55
400086,2025-04-05,2067,1010,2,120.21,240.43
400087,2025-04-05,2080,1010,3,120.18,360.55
400088,2025-04-05,2050,1006,2,198.67,397.33
400089,2025-04-05,2058,1017,2,112.11,224.22
400090,2025-04-05,2046,1016,1,203.25,203.25
400091,2025-04-06,2069,1013,2,115.2,230.41
400092,2025-04-06,2033,1008,3,201.56,604.69
400093,2025-04-06,2014,1019,2,202.72,405.44
400094,2025-04-06,2003,1019,1,188.86,188.86
400095,2025-04-06,2064,1010,3,119.93,359.8
400096,2025-04-06,2038,1003,2,117.79,235.58
400097,2025-04-06,2060,1016,2,200.65,401.3
400098,2025-04-06,2039,1018,2,209.24,418.47
400099,2025-04-06,2053,1017,1,116.68,116.68
400100,2025-04-06,2038,1015,1,173.99,173.99
400101,2025-04-06,2086,1019,2,200.38,400.75
400102,2025-04-06,2009,1005,2,192.47,384.95
400103,2025-04-06,2017,1011,1,120.23,120.23
400104,2025-04-06,2077,1017,1,120.18,120.18
400105,2025-04-06,2065,1002,3,201.73,605.18
400106,2025-04-06,2091,1011,1,122.45,122.45
400107,2025-04-06,2049,1016,3,189.83,569.49
400108,2025-04-06,2019,1005,3,199.94,599.82
400109,2025-04-06,2031,1017,2,127.01,254.02
400110,2025-04-07,2008,1013,2,121.82,243.64
400111,2025-04-07,2083,1011,2,121.2,242.4
400112,2025-04-07,2024,1006,3,191.39,574.16
400113,2025-04-07,2076,1014,1,119.14,119.14
400114,2025-04-07,2022,1007,2,119.97,239.95
400115,2025-04-07,2090,1003,1,117.33,117.33
400116,2025-04-07,2046,1007,1,127.53,127.53
400117,2025-04-07,2073,1017,3,124.4,373.2
400118,2025-04-07,2009,1001,2,121.03,242.07
400119,2025-04-07,2040,1018,1,198.37,198.37
400120,2025-04-07,2060,1014,1,122.67,122.67
400121,2025-04-08,2015,1019,2,194.92,389.84
400122,2025-04-08,2042,1019,3,204.05,612.16
400123,2025-04-08,2011,1013,3,114.68,344.03
400124,2025-04-08,2055,1006,2,206.99,413.98
400125,2025-04-08,2026,1019,2,198.23,396.46
400126,2025-04-08,2039,1004,3,112.35,337.06
400127,2025-04-08,2013,1017,2,124.25,248.49
400128,2025-04-08,2072,1002,3,204.62,613.85
400129,2025-04-08,2068,1013,1,122.89,122.89
400130,2025-04-08,2012,1002,2,201.53,403.06
400131,2025-04-08,2093,1005,3,203.69,611.06
400132,2025-04-08,2020,1011,1,118.76,118.76
400133,2025-04-08,2015,1005,1,202.55,202.55
400134,2025-04-08,2048,1001,1,114.69,114.69
400135,2025-04-08,2045,1008,1,208.65,208.65
400136,2025-04-08,2046,1009,3,202.07,606.22
400137,2025-04-08,2026,1008,2,198.43,396.85
400138,2025-04-08,2025,1017,1,113.5,113.5
400139,2025-04-08,2099,1007,3,124.61,373.82
400140,2025-04-08,2013,1012,3,115.89,347.68
400141,2025-04-09,2019,1016,3,198.36,595.07
400142,2025-04-09,2027,1008,3,197.61,592.83
400143,2025-04-09,2029,1008,2,201.65,403.31
400144,2025-04-09,2100,1008,3,214.97,644.9
400145,2025-04-09,2080,1019,1,200.45,200.45
400146,2025-04-09,2034,1003,2,110.66,221.31
400147,2025-04-09,2098,1002,1,206.84,206.84
400148,2025-04-09,2083,1003,3,111.79,335.38
400149,2025-04-09,2051,1008,3,194.57,583.71
400150,2025-04-09,2077,1020,2,121.04,242.08
400151,2025-04-09,2060,1020,1,114.38,114.38
400152,2025-04-09,2086,1004,1,114.47,114.47
400153,2025-04-09,2077,1017,3,114.48,343.43
400154,2025-04-09,2030,1002,3,208.68,626.03
400155,2025-04-09,2069,1004,1,122.47,122.47
400156,2025-04-09,2009,1016,3,197.29,591.86
400157,2025-04-09,2017,1015,2,188.45,376.9
400158,2025-04-09,2085,1013,2,121.04,242.08
400159,2025-04-09,2016,1006,1,186.13,186.13
400160,2025-04-09,2039,1009,2,203.14,406.27
400161,2025-04-09,2081,1003,3,124.94,374.82
400162,2025-04-09,2081,1005,3,192.55,577.66
400163,2025-04-09,2096,1016,2,203.71,407.42
400164,2025-04-09,2024,1006,3,204.78,614.35
400165,2025-04-10,2042,1013,1,118.58,118.58
400166,2025-04-10,2056,1006,1,220.3,220.3
400167,2025-04-10,2080,1017,2,116.89,233.79
400168,2025-04-10,2096,1004,2,111.98,223.96
400169,2025-04-10,2054,1002,3,189.99,569.96
400170,2025-04-10,2074,1009,2,202.7,405.4
400171,2025-04-10,2004,1019,2,196.33,392.65
400172,2025-04-10,2004,1006,2,195.71,391.42
400173,2025-04-10,2077,1013,3,115.07,345.21
400174,2025-04-10,2060,1008,1,199.61,199.61
400175,2025-04-10,2052,1014,3,120.02,360.05
400176,2025-04-10,2046,1015,3,192.18,576.55
400177,2025-04-10,2043,1004,1,127.19,127.19
400178,2025-04-10,2047,1010,3,121.86,365.57
400179,2025-04-10,2066,1018,2,204.7,409.4
400180,2025-04-11,2030,1002,1,199.62,199.62
400181,2025-04-11,2075,1002,2,199.18,398.37
400182,2025-04-11,2089,1007,1,115.65,115.65
400183,2025-04-11,2034,1009,2,186.22,372.45
400184,2025-04-11,2009,1009,3,185.55,556.65
400185,2025-04-11,2045,1001,1,120.41,120.41
400186,2025-04-11,2086,1004,1,114.78,114.78
400187,2025-04-11,2058,1018,2,190.96,381.93
400188,2025-04-11,2026,1003,2,116.54,233.07
400189,2025-04-11,2043,1004,1,116.37,116.37
400190,2025-04-11,2025,1015,2,187.06,374.12
400191,2025-04-11,2100,1016,2,185.32,370.63
400192,2025-04-11,2025,1014,3,121.17,363.51
400193,2025-04-11,2095,1018,2,201.28,402.56
400194,2025-04-11,2032,1005,1,191.69,191.69
400195,2025-04-11,2050,1011,1,115.14,115.14
400196,2025-04-12,2020,1008,2,206.56,413.13
400197,2025-04-12,2047,1007,1,118.3,118.3
400198,2025-04-12,2048,1010,2,106.47,212.93
400199,2025-04-12,2066,1012,1,124.99,124.99
400200,2025-04-12,2021,1011,3,118.63,355.89
400201,2025-04-12,2052,1015,1,211.09,211.09
400202,2025-04-12,2074,1009,2,196.79,393.57
400203,2025-04-12,2015,1001,2,118.11,236.22
400204,2025-04-12,2025,1015,2,199.33,398.66
400205,2025-04-12,2090,1009,1,199.47,199.47
400206,2025-04-12,2048,1012,2,126.19,252.39
400207,2025-04-13,2097,1020,1,116.32,116.32
400208,2025-04-13,2024,1009,2,194.06,388.12
400209,2025-04-13,2007,1004,3,114.99,344.98
400210,2025-04-13,2081,1012,1,121.2,121.2
400211,2025-04-13,2014,1017,3,116.51,349.53
400212,2025-04-13,2077,1002,1,195.61,195.61
400213,2025-04-13,2066,1006,3,199.96,599.89
400214,2025-04-13,2006,1006,1,189.26,189.26
400215,2025-04-13,2026,1009,2,197.65,395.29
400216,2025-04-13,2039,1001,1,120.72,120.72
400217,2025-04-13,2064,1007,1,117.96,117.96
400218,2025-04-14,2029,1016,3,197.84,593.53
400219,2025-04-14,2002,1009,2,190.37,380.73
400220,2025-04-14,2017,1003,1,120.69,120.69
400221,2025-04-14,2003,1009,3,204.42,613.26
400222,2025-04-14,2080,1002,2,203.68,407.37
400223,2025-04-14,2083,1020,2,121.84,243.68
400224,2025-04-14,2082,1013,3,118.75,356.26
400225,2025-04-14,2059,1014,1,120.99,120.99
400226,2025-04-14,2005,1012,2,122.58,245.16
400227,2025-04-14,2095,1011,1,121.12,121.12
400228,2025-04-14,2096,1020,1,124.52,124.52
400229,2025-04-14,2034,1018,3,203.02,609.05
400230,2025-04-14,2084,1013,3,113.78,341.33
400231,2025-04-14,2077,1012,3,118.22,354.66
400232,2025-04-14,2068,1016,3,213.98,641.95
400233,2025-04-14,2077,1018,2,198.07,396.14
400234,2025-04-14,2052,1018,3,194.44,583.33
400235,2025-04-14,2060,1004,3,120.53,361.59
400236,2025-04-14,2086,1009,2,193.82,387.64
400237,2025-04-14,2042,1004,2,122.8,245.61
400238,2025-04-14,2019,1004,2,121.91,243.81
400239,2025-04-14,2002,1011,2,115.19,230.38
400240,2025-04-14,2090,1013,3,122.79,368.36
400241,2025-04-14,2036,1009,1,186.42,186.42
400242,2025-04-15,2008,1007,1,115.85,115.85
400243,2025-04-15,2080,1020,1,118.39,118.39
400244,2025-04-15,2076,1002,3,195.19,585.58
400245,2025-04-15,2027,1013,1,123.63,123.63
400246,2025-04-15,2052,1019,3,204.35,613.04
400247,2025-04-15,2052,1008,2,213.61,427.21
400248,2025-04-15,2051,1018,1,202.42,202.42
400249,2025-04-15,2028,1014,2,117.41,234.82
400250,2025-04-15,2059,1010,2,129.4,258.79
400251,2025-04-15,2046,1003,1,119.77,119.77
400252,2025-04-15,2094,1003,1,119.85,119.85
400253,2025-04-15,2075,1015,3,192.27,576.8
400254,2025-04-15,2015,1020,1,123.78,123.78
400255,2025-04-15,2003,1008,3,187.92,563.77
400256,2025-04-15,2091,1015,2,194.73,389.46
400257,2025-04-15,2028,1001,3,124.98,374.95
400258,2025-04-15,2039,1003,2,117.72,235.44
400259,2025-04-15,2031,1016,1,198.08,198.08
400260,2025-04-15,2019,1016,3,193.17,579.5
400261,2025-04-15,2007,1013,1,116.63,116.63
400262,2025-04-15,2090,1011,2,115.57,231.14
400263,2025-04-16,2056,1012,2,124.4,248.79
400264,2025-04-16,2008,1004,3,117.89,353.68
400265,2025-04-16,2085,1001,2,129.6,259.19
400266,2025-04-16,2087,1013,1,121.05,121.05
400267,2025-04-16,2024,1014,2,115.31,230.63
400268,2025-04-16,2077,1019,1,203.61,203.61
400269,2025-04-16,2043,1002,3,188.51,565.52
400270,2025-04-16,2046,1011,1,116.36,116.36
400271,2025-04-16,2075,1007,1,122.97,122.97
400272,2025-04-16,2016,1010,2,122.39,244.79
400273,2025-04-16,2058,1017,2,115.08,230.17
400274,2025-04-16,2065,1006,2,199.78,399.57
400275,2025-04-16,2077,1016,1,198.23,198.23
400276,2025-04-16,2081,1005,1,187.23,187.23
400277,2025-04-17,2050,1007,1,132.16,132.16
400278,2025-04-17,2089,1016,2,205.7,411.39
400279,2025-04-17,2014,1006,3,198.13,594.39
400280,2025-04-17,2042,1011,3,122.37,367.12
400281,2025-04-17,2038,1008,3,195.93,587.8
400282,2025-04-17,2015,1005,3,204.53,613.58
400283,2025-04-17,2082,1019,1,183.78,183.78
400284,2025-04-17,2061,1001,1,122.08,122.08
400285,2025-04-17,2092,1003,1,118.36,118.36
400286,2025-04-17,2050,1002,2,194.07,388.14
400287,2025-04-17,2093,1014,1,117.1,117.1
400288,2025-04-17,2098,1015,2,209.74,419.47
400289,2025-04-17,2075,1018,1,208.89,208.89
400290,2025-04-17,2059,1003,3,111.35,334.04
400291,2025-04-17,2076,1014,3,114.21,342.62
400292,2025-04-17,2088,1003,1,110.39,110.39
400293,2025-04-17,2002,1018,1,187.92,187.92
400294,2025-04-17,2061,1019,1,197.49,197.49
400295,2025-04-17,2051,1004,1,117.41,117.41
400296,2025-04-17,2098,1016,3,199.76,599.29
400297,2025-04-17,2022,1009,2,215.84,431.69
400298,2025-04-18,2059,1010,1,116.75,116.75
400299,2025-04-18,2026,1010,3,119.67,359.01
400300,2025-04-18,2076,1006,2,200.74,401.47
400301,2025-04-18,2087,1017,1,114.79,114.79
400302,2025-04-18,2089,1001,1,130.95,130.95
400303,2025-04-18,2050,1002,2,204.26,408.52
400304,2025-04-18,2014,1008,2,191.09,382.18
400305,2025-04-18,2069,1005,2,202.16,404.32
400306,2025-04-18,2072,1007,1,127.46,127.46
400307,2025-04-18,2020,1006,1,195.84,195.84
400308,2025-04-18,2013,1006,1,184.39,184.39
400309,2025-04-18,2082,1005,1,205.31,205.31
400310,2025-04-18,2094,1001,3,126.7,380.09
400311,2025-04-18,2087,1006,2,197.65,395.31
400312,2025-04-18,2057,1014,2,122.59,245.18
400313,2025-04-18,2085,1001,2,118.22,236.45
400314,2025-04-19,2092,1005,2,202.97,405.94
400315,2025-04-19,2042,1007,3,127.62,382.85
400316,2025-04-19,2049,1005,1,193.95,193.95
400317,2025-04-19,2046,1009,3,190.26,570.77
400318,2025-04-19,2041,1018,2,184.18,368.36
400319,2025-04-19,2041,1017,2,119.47,238.93
400320,2025-04-19,2013,1008,3,205.05,615.16
400321,2025-04-19,2014,1018,3,209.89,629.67
400322,2025-04-19,2047,1001,2,121.97,243.93
400323,2025-04-19,2081,1007,1,119.21,119.21
400324,2025-04-19,2044,1014,2,113.48,226.96
400325,2025-04-19,2077,1004,1,120.5,120.5
400326,2025-04-19,2079,1014,1,118.65,118.65
400327,2025-04-19,2011,1003,3,116.55,349.66
400328,2025-04-19,2049,1009,2,204.41,408.83
400329,2025-04-19,2004,1017,2,119.82,239.63
400330,2025-04-19,2067,1003,3,115.16,345.49
400331,2025-04-19,2061,1006,1,193.28,193.28
400332,2025-04-19,2019,1009,2,196.13,392.25
400333,2025-04-19,2097,1005,1,192.17,192.17
400334,2025-04-19,2019,1012,2,109.92,219.84
400335,2025-04-19,2029,1010,3,118.02,354.05
400336,2025-04-19,2080,1011,3,111.48,334.45
400337,2025-04-19,2053,1019,3,206.39,619.16
400338,2025-04-20,2033,1002,1,192.9,192.9
400339,2025-04-20,2072,1002,1,190.65,190.65
400340,2025-04-20,2008,1008,1,211.59,211.59
400341,2025-04-20,2051,1012,1,117.7,117.7
400342,2025-04-20,2093,1009,1,195.19,195.19
400343,2025-04-20,2090,1005,2,206.14,412.27
400344,2025-04-20,2025,1004,3,119.59,358.78
400345,2025-04-20,2093,1003,3,117.65,352.96
400346,2025-04-20,2032,1012,1,118.66,118.66
400347,2025-04-20,2011,1007,3,126.32,378.96
400348,2025-04-20,2064,1007,1,123.9,123.9
400349,2025-04-20,2043,1016,2,216.77,433.54
400350,2025-04-20,2034,1005,3,202.03,606.09
400351,2025-04-20,2012,1007,3,115.55,346.65
400352,2025-04-20,2062,1003,1,122.21,122.21
400353,2025-04-20,2074,1017,3,121.48,364.43
400354,2025-04-20,2082,1018,2,200.96,401.93
400355,2025-04-20,2013,1001,1,119.9,119.9
400356,2025-04-21,2038,1001,3,118.84,356.53
400357,2025-04-21,2082,1009,2,191.44,382.88
400358,2025-04-21,2069,1002,1,209.08,209.08
400359,2025-04-21,2086,1002,1,216.18,216.18
400360,2025-04-21,2099,1019,3,200.97,602.9
400361,2025-04-21,2032,1019,1,212.38,212.38
400362,2025-04-21,2082,1008,1,199.61,199.61
400363,2025-04-21,2072,1017,3,120.9,362.7
400364,2025-04-21,2100,1001,3,123.53,370.6
400365,2025-04-21,2029,1001,2,122.34,244.69
400366,2025-04-21,2020,1015,2,207.2,414.4
400367,2025-04-22,2073,1010,2,120.33,240.66
400368,2025-04-22,2052,1014,2,117.81,235.61
400369,2025-04-22,2037,1010,1,121.48,121.48
400370,2025-04-22,2013,1003,2,125.71,251.42
400371,2025-04-22,2090,1001,3,116.93,350.79
400372,2025-04-22,2073,1012,1,126.05,126.05
400373,2025-04-22,2042,1015,2,197.13,394.26
400374,2025-04-22,2070,1004,2,125.72,251.44
400375,2025-04-22,2040,1001,1,123.43,123.43
400376,2025-04-22,2006,1010,2,121.7,243.41
400377,2025-04-22,2054,1009,3,196.06,588.19
400378,2025-04-22,2002,1004,2,120.14,240.29
400379,2025-04-22,2100,1020,3,125.34,376.03
400380,2025-04-22,2066,1003,3,124.25,372.75
400381,2025-04-22,2097,1018,3,218.17,654.5
400382,2025-04-22,2047,1008,1,206.47,206.47
400383,2025-04-22,2059,1007,3,128.16,384.49
400384,2025-04-22,2072,1010,2,115.35,230.7
400385,2025-04-22,2060,1016,1,205.89,205.89
400386,2025-04-22,2081,1011,2,122.18,244.37
400387,2025-04-22,2084,1009,2,208.22,416.44
400388,2025-04-22,2026,1009,1,205.07,205.07
400389,2025-04-22,2007,1017,2,118.9,237.8
400390,2025-04-22,2099,1005,3,202.99,608.97
400391,2025-04-23,2098,1005,1,187.46,187.46
400392,2025-04-23,2028,1004,1,119.26,119.26
400393,2025-04-23,2063,1012,1,119.32,119.32
400394,2025-04-23,2096,1005,2,199.25,398.51
400395,2025-04-23,2013,1009,3,208.47,625.4
400396,2025-04-23,2073,1016,3,198.71,596.14
400397,2025-04-23,2002,1017,1,115.68,115.68
400398,2025-04-23,2087,1015,1,203.7,203.7
400399,2025-04-23,2043,1017,1,121.72,121.72
400400,2025-04-23,2037,1003,3,129.7,389.1
400401,2025-04-23,2040,1009,3,214.22,642.65
400402,2025-04-23,2044,1013,2,118.17,236.33
400403,2025-04-24,2047,1003,3,120.24,360.71
400404,2025-04-24,2051,1018,3,185.53,556.6
400405,2025-04-24,2086,1004,1,121.78,121.78
400406,2025-04-24,2100,1019,1,194.28,194.28
400407,2025-04-24,2058,1004,3,113.13,339.38
400408,2025-04-24,2017,1002,1,191.47,191.47
400409,2025-04-24,2056,1011,1,127.64,127.64
400410,2025-04-24,2032,1007,3,123.13,369.38
400411,2025-04-24,2043,1020,2,118.47,236.93
400412,2025-04-24,2014,1012,2,122.73,245.46
400413,2025-04-24,2090,1012,2,120.6,241.19
400414,2025-04-24,2040,1014,1,122.8,122.8
400415,2025-04-24,2022,1012,2,119.79,239.58
400416,2025-04-24,2074,1007,3,110.48,331.45
400417,2025-04-25,2043,1017,2,118.32,236.63
400418,2025-04-25,2054,1019,3,188.96,566.88
400419,2025-04-25,2064,1003,2,131.71,263.43
400420,2025-04-25,2065,1001,1,115.81,115.81
400421,2025-04-25,2047,1018,3,208.04,624.11
400422,2025-04-25,2080,1020,3,124.25,372.74
400423,2025-04-25,2041,1011,3,118.21,354.62
400424,2025-04-25,2010,1007,2,116.64,233.29
400425,2025-04-25,2061,1008,2,206.0,412.0
400426,2025-04-25,2012,1003,3,128.97,386.9
400427,2025-04-25,2019,1007,1,114.47,114.47
400428,2025-04-25,2018,1017,2,116.42,232.83
400429,2025-04-25,2094,1020,2,119.47,238.95
400430,2025-04-25,2082,1004,1,108.45,108.45
400431,2025-04-25,2097,1005,3,197.84,593.53
400432,2025-04-25,2030,1008,1,202.17,202.17
400433,2025-04-25,2078,1004,3,125.46,376.37
400434,2025-04-25,2026,1017,2,116.57,233.14
400435,2025-04-25,2076,1004,1,121.06,121.06
400436,2025-04-25,2003,1010,3,123.8,371.41
400437,2025-04-25,2055,1016,3,194.56,583.67
400438,2025-04-26,2060,1018,3,188.3,564.9
400439,2025-04-26,2004,1016,3,206.27,618.81
400440,2025-04-26,2010,1018,3,198.34,595.01
400441,2025-04-26,2009,1011,2,117.36,234.71
400442,2025-04-26,2006,1012,1,118.09,118.09
400443,2025-04-26,2090,1009,2,199.6,399.21
400444,2025-04-26,2060,1001,3,119.13,357.4
400445,2025-04-26,2049,1011,2,122.42,244.85
400446,2025-04-26,2037,1018,2,200.47,400.95
400447,2025-04-26,2091,1013,1,123.64,123.64
400448,2025-04-26,2066,1019,1,210.73,210.73
400449,2025-04-26,2042,1016,3,196.09,588.26
400450,2025-04-26,2060,1018,2,201.28,402.56
400451,2025-04-26,2051,1014,2,116.25,232.5
400452,2025-04-26,2059,1002,2,194.15,388.3
400453,2025-04-26,2029,1019,3,208.47,625.42
400454,2025-04-26,2089,1003,2,113.58,227.16
400455,2025-04-26,2011,1004,1,121.53,121.53
400456,2025-04-26,2097,1018,1,195.92,195.92
400457,2025-04-26,2099,1006,2,210.37,420.75
400458,2025-04-26,2085,1007,2,121.7,243.41
400459,2025-04-26,2029,1006,1,191.53,191.53
400460,2025-04-26,2007,1011,3,115.45,346.36
400461,2025-04-26,2016,1004,1,131.24,131.24
400462,2025-04-27,2048,1005,2,193.19,386.38
400463,2025-04-27,2050,1016,2,198.69,397.37
400464,2025-04-27,2061,1004,2,117.65,235.29
400465,2025-04-27,2081,1019,2,186.87,373.75
400466,2025-04-27,2080,1016,3,200.37,601.1
400467,2025-04-27,2009,1013,3,118.21,354.63
400468,2025-04-27,2084,1013,3,117.15,351.46
400469,2025-04-27,2056,1001,3,111.27,333.81
400470,2025-04-27,2008,1011,3,109.5,328.49
400471,2025-04-27,2009,1020,1,121.05,121.05
400472,2025-04-27,2050,1013,3,119.71,359.12
400473,2025-04-27,2094,1013,1,119.61,119.61
400474,2025-04-27,2089,1003,2,115.9,231.79
400475,2025-04-27,2077,1016,3,201.82,605.45
400476,2025-04-27,2063,1013,2,117.62,235.23
400477,2025-04-27,2072,1005,3,209.39,628.17
400478,2025-04-27,2100,1004,2,119.3,238.6
400479,2025-04-27,2073,1009,2,206.6,413.2
400480,2025-04-27,2021,1016,1,195.76,195.76
400481,2025-04-27,2053,1001,1,111.64,111.64
400482,2025-04-27,2083,1004,3,124.26,372.79
400483,2025-04-27,2013,1015,1,199.36,199.36
400484,2025-04-27,2077,1012,1,121.93,121.93
400485,2025-04-28,2071,1001,1,122.91,122.91
400486,2025-04-28,2005,1002,2,198.36,396.72
400487,2025-04-28,2017,1019,1,193.11,193.11
400488,2025-04-28,2074,1007,2,114.25,228.51
400489,2025-04-28,2055,1011,1,112.7,112.7
400490,2025-04-28,2090,1013,2,126.05,252.1
400491,2025-04-28,2089,1002,3,197.3,591.9
400492,2025-04-28,2018,1008,2,205.12,410.24
400493,2025-04-28,2025,1008,2,209.48,418.97
400494,2025-04-28,2074,1001,1,123.17,123.17
400495,2025-04-28,2076,1003,2,121.51,243.01
400496,2025-04-28,2002,1016,1,207.29,207.29
400497,2025-04-28,2044,1017,2,126.93,253.87
400498,2025-04-28,2062,1018,3,201.75,605.26
400499,2025-04-28,2065,1020,2,121.64,243.27
400500,2025-04-28,2047,1006,2,194.6,389.19
400501,2025-04-28,2091,1004,1,120.95,120.95
400502,2025-04-28,2025,1014,2,117.67,235.34
400503,2025-04-29,2084,1013,3,117.83,353.5
400504,2025-04-29,2089,1015,1,203.41,203.41
400505,2025-04-29,2091,1019,2,206.32,412.65
400506,2025-04-29,2072,1004,3,120.86,362.57
400507,2025-04-29,2096,1012,3,116.96,350.87
400508,2025-04-29,2026,1017,1,133.56,133.56
400509,2025-04-29,2064,1018,1,211.07,211.07
400510,2025-04-29,2026,1009,2,205.77,411.55
400511,2025-04-29,2051,1010,1,126.08,126.08
400512,2025-04-29,2093,1004,1,117.42,117.42
400513,2025-04-29,2081,1006,1,204.65,204.65
400514,2025-04-29,2059,1018,1,208.48,208.48
400515,2025-04-29,2067,1001,2,120.79,241.58
400516,2025-04-29,2048,1005,3,188.5,565.49
400517,2025-04-29,2073,1012,3,115.93,347.8
400518,2025-04-29,2025,1015,1,213.72,213.72
400519,2025-04-29,2055,1010,3,119.51,358.53
400520,2025-04-29,2001,1019,1,201.4,201.4
400521,2025-04-29,2078,1013,3,119.84,359.53
400522,2025-04-29,2039,1001,2,121.24,242.48
400523,2025-04-29,2049,1007,3,120.9,362.69
400524,2025-04-30,2068,1019,2,206.18,412.37
400525,2025-04-30,2034,1011,2,117.1,234.21
400526,2025-04-30,2061,1013,2,120.88,241.75
400527,2025-04-30,2007,1020,3,121.06,363.18
400528,2025-04-30,2022,1001,1,121.38,121.38
400529,2025-04-30,2080,1011,2,126.87,253.74
400530,2025-04-30,2036,1018,2,200.23,400.46
400531,2025-04-30,2027,1005,1,207.07,207.07
400532,2025-04-30,2013,1003,2,123.44,246.88
400533,2025-04-30,2021,1008,3,192.12,576.36
400534,2025-04-30,2028,1004,3,114.07,342.22
400535,2025-04-30,2078,1019,2,207.06,414.13
400536,2025-04-30,2015,1014,2,121.86,243.71
400537,2025-04-30,2049,1011,2,120.3,240.59
400538,2025-05-01,2093,1014,1,113.92,113.92
400539,2025-05-01,2082,1005,2,185.18,370.36
400540,2025-05-01,2071,1001,3,120.87,362.62
400541,2025-05-01,2075,1003,1,129.63,129.63
400542,2025-05-01,2076,1014,1,124.38,124.38
400543,2025-05-01,2093,1011,2,118.43,236.86
400544,2025-05-01,2018,1012,2,114.45,228.9
400545,2025-05-01,2045,1006,1,202.69,202.69
400546,2025-05-01,2043,1002,1,192.12,192.12
400547,2025-05-01,2047,1003,2,122.77,245.54
400548,2025-05-01,2078,1012,2,122.74,245.49
400549,2025-05-01,2010,1008,1,197.5,197.5
400550,2025-05-01,2060,1002,1,182.89,182.89
400551,2025-05-01,2095,1003,2,123.61,247.22
400552,2025-05-01,2092,1016,3,220.91,662.72
400553,2025-05-01,2073,1004,3,124.59,373.78
400554,2025-05-01,2052,1010,2,120.72,241.44
400555,2025-05-01,2068,1003,2,123.01,246.01
400556,2025-05-01,2084,1013,2,133.58,267.16
400557,2025-05-01,2050,1008,2,214.54,429.09
400558,2025-05-01,2046,1016,2,212.72,425.44
400559,2025-05-02,2040,1016,1,190.38,190.38
400560,2025-05-02,2051,1017,2,109.43,218.85
400561,2025-05-02,2080,1002,3,192.07,576.21
400562,2025-05-02,2076,1001,2,119.48,238.95
400563,2025-05-02,2059,1001,2,119.78,239.57
400564,2025-05-02,2036,1006,1,193.76,193.76
400565,2025-05-02,2016,1006,1,190.07,190.07
400566,2025-05-02,2099,1012,1,113.66,113.66
400567,2025-05-02,2040,1005,1,193.98,193.98
400568,2025-05-02,2097,1016,2,192.82,385.64
400569,2025-05-02,2083,1006,2,211.64,423.28
400570,2025-05-02,2011,1007,2,122.32,244.64
400571,2025-05-02,2015,1008,2,213.04,426.07
400572,2025-05-02,2054,1008,3,197.33,591.98
400573,2025-05-02,2091,1007,3,121.34,364.03
400574,2025-05-02,2016,1020,3,117.22,351.66
400575,2025-05-02,2070,1013,3,117.88,353.64
400576,2025-05-02,2011,1016,2,198.84,397.69
400577,2025-05-02,2006,1007,3,122.18,366.53
400578,2025-05-02,2026,1011,2,116.1,232.19
400579,2025-05-03,2046,1002,3,213.65,640.95
400580,2025-05-03,2061,1010,2,127.03,254.06
400581,2025-05-03,2007,1009,1,211.99,211.99
400582,2025-05-03,2050,1013,2,132.72,265.45
400583,2025-05-03,2025,1015,3,191.74,575.23
400584,2025-05-03,2006,1005,1,200.82,200.82
400585,2025-05-03,2032,1004,2,116.73,233.46
400586,2025-05-03,2016,1017,1,125.76,125.76
400587,2025-05-03,2078,1020,1,131.28,131.28
400588,2025-05-03,2054,1003,2,110.8,221.6
400589,2025-05-04,2086,1018,1,192.46,192.46
400590,2025-05-04,2019,1003,1,119.7,119.7
400591,2025-05-04,2094,1005,1,195.89,195.89
400592,2025-05-04,2069,1020,1,123.62,123.62
400593,2025-05-04,2014,1005,2,192.74,385.49
400594,2025-05-04,2060,1005,2,199.2,398.4
400595,2025-05-04,2036,1007,1,124.05,124.05
400596,2025-05-04,2035,1008,1,198.62,198.62
400597,2025-05-04,2062,1020,3,127.25,381.74
400598,2025-05-04,2063,1006,1,191.97,191.97
400599,2025-05-04,2014,1013,2,123.57,247.14
400600,2025-05-04,2067,1019,2,198.42,396.84
400601,2025-05-04,2031,1004,2,122.43,244.87
400602,2025-05-04,2046,1006,3,206.38,619.13
400603,2025-05-04,2018,1013,2,123.44,246.88
400604,2025-05-04,2054,1017,1,114.13,114.13
400605,2025-05-04,2069,1015,3,203.37,610.11
400606,2025-05-04,2021,1019,1,210.24,210.24
400607,2025-05-04,2064,1014,2,115.74,231.48
400608,2025-05-05,2063,1009,1,198.83,198.83
400609,2025-05-05,2054,1018,1,203.7,203.7
400610,2025-05-05,2088,1012,3,125.68,377.04
400611,2025-05-05,2086,1002,1,197.07,197.07
400612,2025-05-05,2014,1018,3,203.37,610.11
400613,2025-05-05,2030,1010,3,123.64,370.93
400614,2025-05-05,2063,1013,3,124.89,374.68
400615,2025-05-05,2049,1020,2,119.45,238.9
400616,2025-05-05,2062,1013,2,120.8,241.6
400617,2025-05-05,2034,1003,3,119.03,357.09
400618,2025-05-06,2017,1002,2,196.35,392.69
400619,2025-05-06,2057,1016,2,207.18,414.35
400620,2025-05-06,2095,1020,3,123.3,369.9
400621,2025-05-06,2089,1001,1,119.97,119.97
400622,2025-05-06,2038,1014,3,117.81,353.42
400623,2025-05-06,2023,1001,2,114.77,229.54
400624,2025-05-06,2032,1020,3,120.57,361.72
400625,2025-05-06,2028,1007,1,115.65,115.65
400626,2025-05-06,2090,1015,2,210.11,420.23
400627,2025-05-06,2053,1014,1,120.24,120.24
400628,2025-05-06,2088,1001,2,117.15,234.29
400629,2025-05-06,2061,1019,2,215.03,430.05
400630,2025-05-06,2038,1002,1,196.08,196.08
400631,2025-05-06,2099,1020,1,119.32,119.32
400632,2025-05-06,2029,1015,1,200.2,200.2
400633,2025-05-06,2016,1016,3,206.57,619.71
400634,2025-05-06,2050,1007,3,121.85,365.55
400635,2025-05-06,2049,1015,1,200.17,200.17
400636,2025-05-07,2045,1005,3,197.08,591.25
400637,2025-05-07,2082,1020,3,122.01,366.04
400638,2025-05-07,2066,1011,2,119.19,238.37
400639,2025-05-07,2026,1001,1,119.15,119.15
400640,2025-05-07,2074,1019,2,186.47,372.94
400641,2025-05-07,2066,1001,3,119.8,359.41
400642,2025-05-07,2009,1016,1,205.2,205.2
400643,2025-05-07,2084,1009,1,198.16,198.16
400644,2025-05-07,2056,1013,2,117.48,234.96
400645,2025-05-07,2018,1019,2,196.84,393.68
400646,2025-05-07,2100,1005,3,208.63,625.88
400647,2025-05-07,2069,1016,3,193.19,579.57
400648,2025-05-07,2039,1005,2,192.98,385.96
400649,2025-05-07,2007,1001,2,121.48,242.97
400650,2025-05-07,2037,1014,2,121.97,243.95
400651,2025-05-07,2052,1013,1,120.64,120.64
400652,2025-05-07,2054,1003,2,116.87,233.73
400653,2025-05-07,2079,1019,1,192.68,192.68
400654,2025-05-07,2030,1009,3,207.06,621.18
400655,2025-05-07,2002,1016,1,198.29,198.29
400656,2025-05-08,2036,1004,1,120.92,120.92
400657,2025-05-08,2027,1013,3,117.49,352.46
400658,2025-05-08,2019,1020,2,118.04,236.07
400659,2025-05-08,2093,1019,1,198.68,198.68
400660,2025-05-08,2079,1014,3,120.91,362.73
400661,2025-05-08,2070,1008,1,211.58,211.58
400662,2025-05-08,2052,1003,2,122.91,245.81
400663,2025-05-08,2056,1013,1,119.67,119.67
400664,2025-05-08,2003,1007,1,109.67,109.67
400665,2025-05-08,2093,1002,2,196.5,392.99
400666,2025-05-08,2005,1016,2,198.18,396.35
400667,2025-05-08,2066,1012,3,115.53,346.59
400668,2025-05-08,2020,1009,1,201.16,201.16
400669,2025-05-08,2058,1009,1,193.32,193.32
400670,2025-05-08,2074,1001,1,125.67,125.67
400671,2025-05-08,2034,1011,1,124.05,124.05
400672,2025-05-08,2050,1002,3,206.26,618.79
400673,2025-05-08,2019,1013,2,113.81,227.62
400674,2025-05-08,2049,1015,2,197.4,394.79
400675,2025-05-08,2013,1018,3,182.92,548.76
400676,2025-05-09,2006,1007,1,116.83,116.83
400677,2025-05-09,2012,1018,2,190.75,381.5
400678,2025-05-09,2028,1005,3,199.9,599.71
400679,2025-05-09,2038,1017,3,122.71,368.12
400680,2025-05-09,2046,1011,3,115.58,346.74
400681,2025-05-09,2043,1008,2,183.7,367.4
400682,2025-05-09,2064,1009,2,193.73,387.46
400683,2025-05-09,2007,1010,2,124.96,249.91
400684,2025-05-09,2013,1011,1,120.64,120.64
400685,2025-05-09,2094,1016,2,209.96,419.92
400686,2025-05-09,2092,1017,3,120.79,362.37
400687,2025-05-09,2011,1001,3,115.58,346.73
400688,2025-05-09,2020,1009,3,189.5,568.5
400689,2025-05-10,2020,1013,3,121.33,364.0
400690,2025-05-10,2046,1007,3,119.5,358.51
400691,2025-05-10,2026,1003,1,120.43,120.43
400692,2025-05-10,2021,1018,2,205.37,410.74
400693,2025-05-10,2020,1012,2,111.15,222.31
400694,2025-05-10,2069,1019,3,198.1,594.31
400695,2025-05-10,2093,1010,1,117.03,117.03
400696,2025-05-10,2085,1007,2,116.02,232.03
400697,2025-05-10,2041,1001,3,115.09,345.28
400698,2025-05-10,2095,1016,1,213.8,213.8
400699,2025-05-10,2006,1016,3,209.38,628.13
400700,2025-05-10,2024,1019,1,206.57,206.57
400701,2025-05-10,2011,1015,1,198.65,198.65
400702,2025-05-10,2020,1013,2,113.19,226.39
400703,2025-05-10,2019,1019,3,218.24,654.71
400704,2025-05-10,2046,1012,1,116.93,116.93
400705,2025-05-10,2033,1017,2,122.33,244.67
400706,2025-05-10,2010,1010,3,121.78,365.34
400707,2025-05-10,2077,1011,2,116.29,232.57
400708,2025-05-10,2056,1006,1,201.12,201.12
400709,2025-05-10,2007,1019,3,193.95,581.86
400710,2025-05-10,2030,1005,3,200.88,602.63
400711,2025-05-11,2037,1017,3,112.5,337.49
400712,2025-05-11,2004,1010,1,122.19,122.19
400713,2025-05-11,2035,1020,2,117.36,234.72
400714,2025-05-11,2082,1006,2,191.48,382.95
400715,2025-05-11,2030,1010,1,124.92,124.92
400716,2025-05-11,2086,1009,1,188.82,188.82
400717,2025-05-11,2084,1010,3,114.45,343.35
400718,2025-05-11,2040,1020,3,108.97,326.91
400719,2025-05-11,2053,1003,1,114.33,114.33
400720,2025-05-11,2065,1002,1,199.4,199.4
400721,2025-05-11,2078,1002,3,214.76,644.27
400722,2025-05-11,2056,1001,1,120.96,120.96
400723,2025-05-11,2084,1018,3,196.35,589.06
400724,2025-05-11,2014,1007,3,125.39,376.16
400725,2025-05-11,2084,1019,3,197.1,591.31
400726,2025-05-11,2022,1001,3,120.53,361.58
400727,2025-05-11,2090,1007,3,118.76,356.28
400728,2025-05-11,2075,1010,1,116.08,116.08
400729,2025-05-11,2054,1013,2,114.33,228.66
400730,2025-05-11,2041,1012,1,117.25,117.25
400731,2025-05-11,2097,1015,3,201.41,604.24
400732,2025-05-11,2013,1019,3,204.54,613.63
400733,2025-05-12,2055,1020,1,118.06,118.06
400734,2025-05-12,2083,1020,1,121.47,121.47
400735,2025-05-12,2083,1015,2,198.56,397.12
400736,2025-05-12,2092,1016,3,189.07,567.2
400737,2025-05-12,2032,1008,1,192.29,192.29
400738,2025-05-12,2042,1014,1,125.1,125.1
400739,2025-05-12,2050,1005,2,197.63,395.26
400740,2025-05-12,2011,1011,2,124.9,249.8
400741,2025-05-12,2062,1016,3,200.09,600.27
400742,2025-05-12,2037,1018,2,206.77,413.54
400743,2025-05-12,2076,1018,3,203.18,609.54
400744,2025-05-12,2056,1016,1,201.81,201.81
400745,2025-05-12,2008,1019,3,213.89,641.66
400746,2025-05-12,2009,1012,2,112.49,224.99
400747,2025-05-12,2034,1003,2,119.57,239.13
400748,2025-05-12,2082,1002,3,216.26,648.77
400749,2025-05-12,2084,1002,1,194.29,194.29
400750,2025-05-12,2075,1006,2,217.24,434.48
400751,2025-05-12,2018,1019,2,191.99,383.97
400752,2025-05-12,2058,1009,3,205.37,616.12
400753,2025-05-12,2024,1011,3,122.9,368.69
400754,2025-05-12,2093,1020,3,115.1,345.29
400755,2025-05-13,2076,1018,1,181.4,181.4
400756,2025-05-13,2059,1006,1,196.49,196.49
400757,2025-05-13,2004,1020,2,127.1,254.21
400758,2025-05-13,2074,1011,3,126.77,380.31
400759,2025-05-13,2083,1014,1,123.9,123.9
400760,2025-05-13,2015,1003,2,119.59,239.18
400761,2025-05-13,2089,1001,1,125.35,125.35
400762,2025-05-13,2070,1016,2,197.79,395.58
400763,2025-05-13,2039,1014,3,115.7,347.11
400764,2025-05-13,2031,1001,1,117.28,117.28
400765,2025-05-13,2013,1014,3,117.07,351.2
400766,2025-05-13,2075,1016,2,203.6,407.2
400767,2025-05-13,2050,1012,3,130.52,391.55
400768,2025-05-13,2072,1006,1,202.43,202.43
400769,2025-05-13,2026,1001,3,126.77,380.31
400770,2025-05-13,2075,1017,2,115.77,231.53
400771,2025-05-13,2037,1018,1,191.99,191.99
400772,2025-05-14,2024,1018,1,199.53,199.53
400773,2025-05-14,2076,1009,3,191.1,573.31
400774,2025-05-14,2048,1002,2,188.84,377.68
400775,2025-05-14,2040,1002,2,197.21,394.42
400776,2025-05-14,2064,1013,2,118.15,236.3
400777,2025-05-14,2017,1020,1,127.28,127.28
400778,2025-05-14,2053,1011,2,119.44,238.89
400779,2025-05-14,2043,1006,2,192.39,384.77
400780,2025-05-14,2032,1016,1,191.68,191.68
400781,2025-05-14,2089,1016,1,198.71,198.71
400782,2025-05-14,2026,1002,1,198.03,198.03
400783,2025-05-14,2074,1019,3,202.31,606.92
400784,2025-05-14,2071,1005,2,207.88,415.76
400785,2025-05-14,2041,1009,2,193.75,387.5
400786,2025-05-15,2057,1014,3,116.46,349.37
400787,2025-05-15,2050,1013,3,116.94,350.82
400788,2025-05-15,2050,1011,2,120.15,240.3
400789,2025-05-15,2070,1018,2,190.32,380.63
400790,2025-05-15,2060,1017,2,119.66,239.31
400791,2025-05-15,2079,1014,3,123.9,371.71
400792,2025-05-15,2047,1015,2,193.4,386.79
400793,2025-05-15,2039,1005,2,205.2,410.4
400794,2025-05-15,2013,1013,1,123.43,123.43
400795,2025-05-15,2063,1014,1,128.78,128.78
400796,2025-05-15,2082,1014,3,119.57,358.72
400797,2025-05-16,2065,1015,2,201.21,402.42
400798,2025-05-16,2027,1018,1,200.78,200.78
400799,2025-05-16,2088,1007,2,120.54,241.08
400800,2025-05-16,2032,1011,1,115.84,115.84
400801,2025-05-16,2095,1006,2,198.68,397.35
400802,2025-05-16,2079,1003,3,123.78,371.34
400803,2025-05-16,2090,1012,2,113.38,226.76
400804,2025-05-16,2037,1003,1,123.13,123.13
400805,2025-05-16,2022,1001,2,123.45,246.89
400806,2025-05-16,2001,1018,3,201.92,605.75
400807,2025-05-16,2013,1009,3,208.81,626.43
400808,2025-05-17,2016,1015,3,191.63,574.9
400809,2025-05-17,2087,1017,2,128.22,256.45
400810,2025-05-17,2067,1015,1,195.14,195.14
400811,2025-05-17,2009,1019,3,200.01,600.03
400812,2025-05-17,2078,1007,2,124.52,249.03
400813,2025-05-17,2074,1004,1,114.49,114.49
400814,2025-05-17,2097,1003,1,116.86,116.86
400815,2025-05-17,2027,1001,1,123.88,123.88
400816,2025-05-17,2081,1002,3,216.91,650.72
400817,2025-05-17,2075,1005,2,193.97,387.95
400818,2025-05-17,2052,1014,1,116.34,116.34
400819,2025-05-17,2059,1005,1,195.57,195.57
400820,2025-05-17,2022,1017,2,124.13,248.25
400821,2025-05-17,2035,1018,3,204.23,612.69
400822,2025-05-17,2045,1017,3,119.91,359.72
400823,2025-05-17,2063,1012,1,115.43,115.43
400824,2025-05-17,2018,1003,1,118.35,118.35
400825,2025-05-17,2085,1016,1,211.61,211.61
400826,2025-05-17,2074,1001,1,118.28,118.28
400827,2025-05-17,2013,1015,3,190.48,571.45
400828,2025-05-17,2011,1002,3,200.88,602.65
400829,2025-05-18,2006,1019,3,191.91,575.74
400830,2025-05-18,2007,1008,3,214.97,644.91
400831,2025-05-18,2031,1006,1,204.8,204.8
400832,2025-05-18,2058,1019,2,190.74,381.49
400833,2025-05-18,2023,1008,1,192.53,192.53
400834,2025-05-18,2050,1016,2,208.41,416.83
400835,2025-05-18,2088,1002,1,195.44,195.44
400836,2025-05-18,2009,1015,3,189.99,569.98
400837,2025-05-18,2053,1002,3,216.77,650.3
400838,2025-05-18,2045,1010,2,109.4,218.8
400839,2025-05-18,2067,1012,1,129.19,129.19
400840,2025-05-18,2064,1019,1,199.9,199.9
400841,2025-05-18,2026,1019,1,199.49,199.49
400842,2025-05-18,2035,1003,3,122.49,367.46
400843,2025-05-18,2032,1016,3,200.23,600.69
400844,2025-05-18,2026,1003,2,114.94,229.88
400845,2025-05-18,2089,1011,1,113.35,113.35
400846,2025-05-18,2072,1010,2,124.58,249.16
400847,2025-05-18,2052,1004,2,118.91,237.83
400848,2025-05-18,2099,1015,2,205.94,411.89
400849,2025-05-18,2074,1015,2,195.54,391.08
400850,2025-05-18,2074,1011,1,112.47,112.47
400851,2025-05-18,2098,1009,1,196.68,196.68
400852,2025-05-18,2077,1008,3,205.53,616.6
400853,2025-05-19,2100,1009,3,188.36,565.08
400854,2025-05-19,2018,1003,3,117.51,352.53
400855,2025-05-19,2010,1008,2,197.99,395.98
400856,2025-05-19,2060,1005,1,210.3,210.3
400857,2025-05-19,2037,1005,1,212.57,212.57
400858,2025-05-19,2052,1002,1,209.27,209.27
400859,2025-05-19,2016,1007,3,115.49,346.48
400860,2025-05-19,2088,1013,2,119.75,239.51
400861,2025-05-19,2054,1019,2,189.67,379.33
400862,2025-05-19,2054,1012,1,122.68,122.68
400863,2025-05-19,2017,1009,1,212.15,212.15
400864,2025-05-19,2075,1006,3,204.51,613.53
400865,2025-05-19,2058,1006,1,184.8,184.8
400866,2025-05-19,2016,1009,1,197.75,197.75
400867,2025-05-19,2078,1005,2,185.05,370.1
400868,2025-05-19,2080,1009,2,203.95,407.91
400869,2025-05-19,2030,1015,3,211.45,634.36
400870,2025-05-19,2096,1011,1,116.59,116.59
400871,2025-05-19,2077,1014,1,114.58,114.58
400872,2025-05-20,2093,1011,3,119.15,357.45
400873,2025-05-20,2040,1020,2,115.71,231.43
400874,2025-05-20,2091,1013,2,128.95,257.9
400875,2025-05-20,2091,1005,2,187.0,374.0
400876,2025-05-20,2070,1016,2,186.51,373.01
400877,2025-05-20,2041,1020,1,120.3,120.3
400878,2025-05-20,2005,1016,3,200.73,602.19
400879,2025-05-20,2075,1020,2,118.36,236.73
400880,2025-05-20,2079,1009,2,207.0,413.99
400881,2025-05-20,2016,1016,2,188.9,377.8
400882,2025-05-21,2058,1003,2,132.33,264.66
400883,2025-05-21,2098,1016,2,207.61,415.22
400884,2025-05-21,2044,1015,1,197.79,197.79
400885,2025-05-21,2095,1004,3,116.68,350.05
400886,2025-05-21,2008,1011,2,121.83,243.66
400887,2025-05-21,2011,1003,1,117.22,117.22
400888,2025-05-21,2038,1017,2,120.73,241.47
400889,2025-05-21,2007,1008,1,205.54,205.54
400890,2025-05-21,2024,1008,2,218.23,436.45
400891,2025-05-21,2034,1008,3,208.11,624.33
400892,2025-05-21,2094,1014,1,116.1,116.1
400893,2025-05-21,2003,1018,3,211.15,633.45
400894,2025-05-21,2041,1017,3,116.14,348.42
400895,2025-05-21,2008,1018,3,184.73,554.19
400896,2025-05-21,2095,1013,1,116.62,116.62
400897,2025-05-21,2001,1001,1,129.05,129.05
400898,2025-05-21,2013,1014,2,116.12,232.23
400899,2025-05-21,2081,1013,2,130.09,260.17
400900,2025-05-21,2046,1016,2,196.58,393.16
400901,2025-05-21,2056,1020,3,115.63,346.88
400902,2025-05-22,2034,1005,3,200.56,601.68
400903,2025-05-22,2098,1012,1,127.46,127.46
400904,2025-05-22,2030,1011,1,125.67,125.67
400905,2025-05-22,2043,1015,1,200.82,200.82
400906,2025-05-22,2043,1002,1,192.1,192.1
400907,2025-05-22,2097,1011,3,126.97,380.91
400908,2025-05-22,2074,1012,2,123.12,246.24
400909,2025-05-22,2079,1011,1,119.63,119.63
400910,2025-05-22,2094,1012,2,114.81,229.62
400911,2025-05-22,2024,1017,1,118.46,118.46
400912,2025-05-22,2027,1015,2,203.09,406.18
400913,2025-05-22,2100,1004,2,119.98,239.95
400914,2025-05-22,2092,1005,2,201.02,402.04
400915,2025-05-22,2070,1019,1,196.78,196.78
400916,2025-05-22,2054,1006,3,205.17,615.52
400917,2025-05-22,2053,1019,3,196.86,590.57
400918,2025-05-23,2047,1001,2,117.83,235.66
400919,2025-05-23,2066,1014,2,123.76,247.52
400920,2025-05-23,2074,1019,2,210.68,421.35
400921,2025-05-23,2072,1010,3,117.24,351.73
400922,2025-05-23,2030,1020,3,125.4,376.21
400923,2025-05-23,2062,1018,2,193.58,387.15
400924,2025-05-23,2045,1019,2,201.54,403.07
400925,2025-05-23,2005,1011,2,120.17,240.34
400926,2025-05-23,2085,1005,1,196.12,196.12
400927,2025-05-23,2088,1006,1,200.74,200.74
400928,2025-05-23,2077,1019,3,209.05,627.14
400929,2025-05-23,2026,1001,3,118.13,354.39
400930,2025-05-23,2058,1014,2,117.36,234.73
400931,2025-05-23,2027,1002,3,192.61,577.83
400932,2025-05-23,2020,1001,1,124.59,124.59
400933,2025-05-23,2038,1002,1,200.58,200.58
400934,2025-05-23,2085,1007,1,123.97,123.97
400935,2025-05-23,2030,1004,3,116.77,350.3
400936,2025-05-23,2022,1005,2,197.76,395.52
400937,2025-05-23,2020,1003,3,127.03,381.1
400938,2025-05-23,2029,1007,1,118.08,118.08
400939,2025-05-23,2078,1001,3,121.89,365.66
400940,2025-05-24,2066,1018,2,188.69,377.37
400941,2025-05-24,2022,1013,2,121.88,243.76
400942,2025-05-24,2028,1002,3,190.63,571.88
400943,2025-05-24,2100,1014,1,113.01,113.01
400944,2025-05-24,2016,1009,2,209.22,418.44
400945,2025-05-24,2084,1017,3,117.15,351.46
400946,2025-05-24,2021,1019,3,172.39,517.16
400947,2025-05-24,2014,1002,2,207.74,415.48
400948,2025-05-24,2027,1005,3,204.71,614.12
400949,2025-05-24,2009,1009,1,211.58,211.58
400950,2025-05-24,2029,1008,3,196.34,589.02
400951,2025-05-24,2058,1017,2,120.28,240.57
400952,2025-05-24,2088,1001,2,123.61,247.22
400953,2025-05-24,2063,1013,2,118.87,237.75
400954,2025-05-24,2027,1019,1,198.5,198.5
400955,2025-05-24,2001,1016,1,206.84,206.84
400956,2025-05-24,2079,1009,2,197.66,395.31
400957,2025-05-24,2071,1008,3,206.51,619.53
400958,2025-05-24,2041,1002,2,202.36,404.72
400959,2025-05-24,2090,1011,3,124.35,373.05
400960,2025-05-24,2013,1015,2,205.43,410.87
400961,2025-05-24,2012,1016,1,192.44,192.44
400962,2025-05-24,2048,1011,3,116.06,348.18
400963,2025-05-24,2023,1020,3,118.85,356.55
400964,2025-05-25,2096,1012,2,121.47,242.93
400965,2025-05-25,2086,1002,3,199.79,599.36
400966,2025-05-25,2027,1012,1,117.81,117.81
400967,2025-05-25,2038,1018,1,201.34,201.34
400968,2025-05-25,2044,1016,3,193.85,581.54
400969,2025-05-25,2017,1010,3,131.91,395.74
400970,2025-05-25,2048,1017,2,121.81,243.62
400971,2025-05-25,2004,1009,2,200.99,401.98
400972,2025-05-25,2045,1016,2,197.97,395.94
400973,2025-05-25,2061,1007,3,118.95,356.85
400974,2025-05-25,2072,1015,1,195.52,195.52
400975,2025-05-25,2026,1015,3,189.17,567.5
400976,2025-05-25,2003,1007,1,129.45,129.45
400977,2025-05-25,2093,1014,2,121.31,242.61
400978,2025-05-25,2080,1014,1,127.99,127.99
400979,2025-05-25,2049,1010,2,119.43,238.87
400980,2025-05-25,2002,1013,2,121.45,242.9
400981,2025-05-25,2040,1002,2,193.74,387.48
400982,2025-05-25,2069,1015,3,183.79,551.38
400983,2025-05-25,2067,1007,1,120.02,120.02
400984,2025-05-25,2079,1009,1,206.93,206.93
400985,2025-05-25,2095,1013,1,128.0,128.0
400986,2025-05-26,2086,1010,2,124.98,249.95
400987,2025-05-26,2052,1010,3,124.49,373.46
400988,2025-05-26,2091,1002,2,195.26,390.52
400989,2025-05-26,2100,1007,2,119.53,239.05
400990,2025-05-26,2072,1020,3,114.98,344.94
400991,2025-05-26,2088,1019,1,199.46,199.46
400992,2025-05-26,2100,1017,3,121.84,365.51
400993,2025-05-26,2006,1015,3,195.56,586.67
400994,2025-05-26,2072,1007,2,117.19,234.37
400995,2025-05-26,2049,1001,2,120.08,240.16
400996,2025-05-26,2090,1001,2,123.4,246.8
400997,2025-05-26,2054,1020,3,122.13,366.39
400998,2025-05-27,2002,1010,3,120.74,362.22
400999,2025-05-27,2054,1020,1,122.5,122.5
401000,2025-05-27,2024,1016,1,203.01,203.01
401001,2025-05-27,2022,1006,1,200.95,200.95
401002,2025-05-27,2016,1014,3,110.04,330.12
401003,2025-05-27,2088,1012,3,120.52,361.55
401004,2025-05-27,2033,1013,1,115.76,115.76
401005,2025-05-27,2015,1007,1,122.39,122.39
401006,2025-05-27,2010,1014,2,118.09,236.17
401007,2025-05-27,2021,1006,1,191.58,191.58
401008,2025-05-27,2001,1001,1,118.33,118.33
401009,2025-05-27,2064,1015,1,182.87,182.87
401010,2025-05-27,2043,1016,3,184.73,554.18
401011,2025-05-28,2024,1012,3,131.28,393.83
401012,2025-05-28,2018,1019,1,198.5,198.5
401013,2025-05-28,2056,1019,3,195.26,585.78
401014,2025-05-28,2057,1010,3,117.55,352.65
401015,2025-05-28,2005,1006,1,197.2,197.2
401016,2025-05-28,2087,1006,2,202.71,405.42
401017,2025-05-28,2085,1007,3,117.6,352.81
401018,2025-05-28,2011,1017,2,120.35,240.69
401019,2025-05-28,2002,1019,2,203.94,407.88
401020,2025-05-28,2041,1018,1,191.33,191.33
401021,2025-05-28,2019,1020,3,125.11,375.32
401022,2025-05-28,2033,1019,3,200.13,600.4
401023,2025-05-28,2075,1007,3,116.32,348.95
401024,2025-05-28,2077,1004,1,119.43,119.43
401025,2025-05-28,2005,1006,3,205.77,617.32
401026,2025-05-28,2047,1014,1,125.58,125.58
401027,2025-05-28,2007,1020,3,120.59,361.78
401028,2025-05-28,2042,1015,3,196.47,589.4
401029,2025-05-28,2070,1013,2,127.35,254.69
401030,2025-05-28,2040,1002,1,197.93,197.93
401031,2025-05-28,2066,1019,3,203.04,609.13
401032,2025-05-29,2074,1009,2,219.32,438.64
401033,2025-05-29,2016,1013,3,114.25,342.75
401034,2025-05-29,2020,1014,2,118.54,237.08
401035,2025-05-29,2065,1001,1,124.8,124.8
401036,2025-05-29,2048,1006,3,207.83,623.48
401037,2025-05-29,2095,1019,1,199.63,199.63
401038,2025-05-29,2073,1008,2,197.17,394.34
401039,2025-05-29,2033,1019,2,203.13,406.26
401040,2025-05-29,2076,1003,2,119.12,238.24
401041,2025-05-29,2004,1005,3,203.47,610.42
401042,2025-05-29,2065,1018,3,191.11,573.33
401043,2025-05-29,2048,1004,1,112.73,112.73
401044,2025-05-29,2059,1006,2,205.11,410.23
401045,2025-05-29,2091,1003,1,118.46,118.46
401046,2025-05-29,2045,1003,3,116.9,350.71
401047,2025-05-29,2032,1007,2,124.81,249.62
401048,2025-05-29,2044,1015,3,195.13,585.39
401049,2025-05-29,2016,1006,1,200.87,200.87
401050,2025-05-29,2062,1014,2,120.56,241.12
401051,2025-05-29,2046,1020,3,114.67,344.02
401052,2025-05-29,2017,1020,2,118.03,236.06
401053,2025-05-29,2026,1014,2,113.19,226.38
401054,2025-05-29,2010,1016,1,202.27,202.27
401055,2025-05-30,2030,1014,3,112.76,338.29
401056,2025-05-30,2059,1011,2,122.18,244.37
401057,2025-05-30,2044,1015,3,193.01,579.03
401058,2025-05-30,2013,1012,1,115.94,115.94
401059,2025-05-30,2037,1018,1,202.61,202.61
401060,2025-05-30,2012,1010,3,122.71,368.12
401061,2025-05-30,2089,1020,2,125.84,251.69
401062,2025-05-30,2067,1020,3,113.32,339.95
401063,2025-05-30,2025,1016,3,204.09,612.26
401064,2025-05-30,2075,1002,2,201.33,402.66
401065,2025-05-30,2070,1016,1,205.27,205.27
401066,2025-05-30,2084,1015,2,203.01,406.02
401067,2025-05-30,2008,1013,1,123.58,123.58
401068,2025-05-30,2066,1002,3,204.08,612.24
401069,2025-05-30,2085,1006,3,198.97,596.91
401070,2025-05-30,2067,1005,2,207.66,415.32
401071,2025-05-30,2013,1006,3,204.01,612.04
401072,2025-05-30,2010,1008,2,193.4,386.8
401073,2025-05-30,2061,1012,1,123.89,123.89
401074,2025-05-30,2072,1002,2,194.85,389.71
401075,2025-05-30,2033,1014,3,115.7,347.1
401076,2025-05-30,2042,1012,2,114.89,229.79
401077,2025-05-30,2091,1011,1,116.83,116.83
401078,2025-05-30,2022,1009,1,192.0,192.0
401079,2025-05-31,2098,1003,1,122.18,122.18
401080,2025-05-31,2019,1002,2,208.36,416.71
401081,2025-05-31,2094,1018,3,205.36,616.08
401082,2025-05-31,2049,1003,2,125.74,251.48
401083,2025-05-31,2025,1004,1,114.42,114.42
401084,2025-05-31,2037,1008,1,193.77,193.77
401085,2025-05-31,2024,1017,2,120.36,240.72
401086,2025-05-31,2039,1008,1,191.69,191.69
401087,2025-05-31,2034,1016,3,196.02,588.05
401088,2025-05-31,2012,1016,2,192.06,384.11
401089,2025-05-31,2065,1019,2,195.32,390.64
401090,2025-05-31,2063,1004,3,122.91,368.73
401091,2025-05-31,2073,1006,1,189.27,189.27
401092,2025-05-31,2069,1012,2,113.88,227.77
401093,2025-06-01,2012,1006,3,201.05,603.15
401094,2025-06-01,2011,1009,2,204.76,409.51
401095,2025-06-01,2003,1006,1,204.49,204.49
401096,2025-06-01,2049,1007,1,115.08,115.08
401097,2025-06-01,2037,1016,2,204.36,408.72
401098,2025-06-01,2082,1012,1,114.57,114.57
401099,2025-06-01,2068,1019,1,197.35,197.35
401100,2025-06-01,2045,1019,3,210.8,632.41
401101,2025-06-01,2031,1013,2,117.08,234.17
401102,2025-06-01,2001,1014,2,114.38,228.76
401103,2025-06-01,2033,1020,2,121.71,243.42
401104,2025-06-01,2052,1017,2,121.07,242.14
401105,2025-06-01,2040,1019,1,182.76,182.76
401106,2025-06-01,2024,1005,2,192.37,384.73
401107,2025-06-01,2067,1008,2,190.05,380.1
401108,2025-06-01,2064,1011,2,119.52,239.04
401109,2025-06-01,2001,1009,1,203.99,203.99
401110,2025-06-01,2067,1020,2,115.1,230.21
401111,2025-06-01,2056,1009,2,194.6,389.2
401112,2025-06-01,2012,1012,1,126.61,126.61
401113,2025-06-01,2040,1004,1,129.67,129.67
401114,2025-06-01,2098,1013,1,118.78,118.78
401115,2025-06-02,2052,1011,2,120.25,240.49
401116,2025-06-02,2012,1006,1,194.22,194.22
401117,2025-06-02,2071,1009,2,206.34,412.69
401118,2025-06-02,2054,1010,2,114.85,229.71
401119,2025-06-02,2093,1015,3,203.86,611.57
401120,2025-06-02,2004,1020,1,121.05,121.05
401121,2025-06-02,2046,1001,1,112.37,112.37
401122,2025-06-02,2087,1009,2,196.25,392.5
401123,2025-06-02,2021,1017,1,124.17,124.17
401124,2025-06-02,2091,1002,3,193.68,581.05
401125,2025-06-02,2087,1002,2,208.25,416.49
401126,2025-06-02,2042,1012,3,123.98,371.93
401127,2025-06-02,2006,1007,2,114.47,228.94
401128,2025-06-02,2075,1001,3,115.14,345.42
401129,2025-06-02,2063,1018,1,204.93,204.93
401130,2025-06-02,2048,1016,3,201.23,603.68
401131,2025-06-02,2004,1001,1,119.77,119.77
401132,2025-06-02,2076,1013,1,123.92,123.92
401133,2025-06-02,2035,1002,3,192.02,576.07
401134,2025-06-03,2006,1004,3,116.49,349.48
401135,2025-06-03,2098,1011,3,117.95,353.86
401136,2025-06-03,2092,1011,3,113.57,340.7
401137,2025-06-03,2059,1017,3,118.97,356.9
401138,2025-06-03,2051,1010,3,116.98,350.94
401139,2025-06-03,2028,1006,1,199.96,199.96
401140,2025-06-03,2043,1002,3,189.68,569.04
401141,2025-06-03,2074,1014,2,120.99,241.98
401142,2025-06-03,2037,1011,1,118.04,118.04
401143,2025-06-03,2013,1012,1,124.68,124.68
401144,2025-06-04,2057,1003,3,118.42,355.27
401145,2025-06-04,2015,1017,1,121.55,121.55
401146,2025-06-04,2031,1012,3,121.23,363.7
401147,2025-06-04,2083,1005,2,211.82,423.64
401148,2025-06-04,2029,1001,3,122.57,367.72
401149,2025-06-04,2091,1003,2,116.92,233.85
401150,2025-06-04,2021,1015,3,184.81,554.44
401151,2025-06-04,2047,1005,1,193.35,193.35
401152,2025-06-04,2094,1020,3,121.28,363.84
401153,2025-06-04,2077,1019,1,214.17,214.17
401154,2025-06-04,2088,1001,2,117.13,234.25
401155,2025-06-04,2094,1014,2,120.74,241.47
401156,2025-06-04,2080,1010,1,119.7,119.7
401157,2025-06-04,2001,1002,2,203.21,406.42
401158,2025-06-04,2014,1012,3,123.59,370.76
401159,2025-06-04,2054,1006,3,195.05,585.16
401160,2025-06-05,2010,1016,3,194.46,583.37
401161,2025-06-05,2030,1010,2,132.47,264.94
401162,2025-06-05,2074,1009,1,211.49,211.49
401163,2025-06-05,2094,1020,3,118.94,356.81
401164,2025-06-05,2021,1011,2,115.69,231.39
401165,2025-06-05,2043,1004,2,118.69,237.37
401166,2025-06-05,2050,1016,1,191.09,191.09
401167,2025-06-05,2051,1017,2,113.56,227.12
401168,2025-06-05,2001,1015,1,202.73,202.73
401169,2025-06-05,2068,1005,2,193.8,387.59
401170,2025-06-05,2089,1002,3,200.61,601.84
401171,2025-06-05,2060,1008,3,194.36,583.09
401172,2025-06-05,2022,1004,1,119.79,119.79
401173,2025-06-05,2094,1019,1,195.96,195.96
401174,2025-06-05,2059,1012,1,122.77,122.77
401175,2025-06-05,2003,1017,1,126.19,126.19
401176,2025-06-05,2071,1014,1,118.99,118.99
401177,2025-06-05,2056,1016,1,211.71,211.71
401178,2025-06-05,2063,1009,3,193.31,579.92
401179,2025-06-05,2032,1007,1,121.48,121.48
401180,2025-06-05,2072,1008,3,209.49,628.47
401181,2025-06-06,2093,1001,2,117.79,235.57
401182,2025-06-06,2099,1005,3,190.33,570.98
401183,2025-06-06,2060,1016,1,194.05,194.05
401184,2025-06-06,2076,1006,1,200.12,200.12
401185,2025-06-06,2039,1003,3,119.58,358.74
401186,2025-06-06,2039,1016,3,202.93,608.8
401187,2025-06-06,2018,1002,3,216.35,649.04
401188,2025-06-06,2030,1019,2,201.14,402.28
401189,2025-06-06,2043,1004,2,124.64,249.27
401190,2025-06-06,2022,1014,2,125.06,250.12
401191,2025-06-06,2043,1010,1,124.61,124.61
401192,2025-06-06,2094,1012,3,114.37,343.11
401193,2025-06-06,2009,1019,2,202.02,404.04
401194,2025-06-06,2071,1006,1,197.1,197.1
401195,2025-06-06,2040,1007,2,109.01,218.01
401196,2025-06-06,2006,1010,3,119.77,359.31
401197,2025-06-07,2079,1010,2,122.89,245.77
401198,2025-06-07,2053,1016,3,197.59,592.77
401199,2025-06-07,2052,1017,3,117.37,352.12
401200,2025-06-07,2085,1005,1,197.87,197.87
401201,2025-06-07,2054,1007,3,129.68,389.03
401202,2025-06-07,2095,1018,1,186.5,186.5
401203,2025-06-07,2076,1002,2,203.71,407.42
401204,2025-06-07,2023,1007,2,124.79,249.58
401205,2025-06-07,2062,1003,2,117.08,234.16
401206,2025-06-07,2070,1014,1,123.43,123.43
401207,2025-06-08,2080,1009,1,207.46,207.46
401208,2025-06-08,2022,1009,2,188.77,377.54
401209,2025-06-08,2032,1019,3,206.21,618.62
401210,2025-06-08,2080,1011,1,119.53,119.53
401211,2025-06-08,2044,1015,2,196.37,392.74
401212,2025-06-08,2013,1008,1,207.07,207.07
401213,2025-06-08,2036,1015,1,200.19,200.19
401214,2025-06-08,2058,1007,2,128.78,257.56
401215,2025-06-08,2083,1017,1,120.42,120.42
401216,2025-06-08,2005,1007,3,120.76,362.29
401217,2025-06-08,2031,1005,1,196.63,196.63
401218,2025-06-09,2001,1011,1,116.81,116.81
401219,2025-06-09,2022,1014,3,114.37,343.12
401220,2025-06-09,2039,1008,3,198.92,596.76
401221,2025-06-09,2014,1017,3,116.41,349.22
401222,2025-06-09,2047,1001,1,119.92,119.92
401223,2025-06-09,2003,1015,3,195.4,586.2
401224,2025-06-09,2027,1013,3,129.76,389.28
401225,2025-06-09,2047,1018,1,203.48,203.48
401226,2025-06-09,2064,1007,1,113.42,113.42
401227,2025-06-09,2014,1008,3,216.63,649.9
401228,2025-06-09,2028,1005,3,200.61,601.83
401229,2025-06-09,2006,1004,1,125.66,125.66
401230,2025-06-09,2004,1020,3,120.69,362.08
401231,2025-06-10,2018,1017,2,123.92,247.84
401232,2025-06-10,2027,1012,3,121.59,364.76
401233,2025-06-10,2005,1019,2,196.99,393.98
401234,2025-06-10,2009,1013,3,122.03,366.1
401235,2025-06-10,2065,1019,1,200.07,200.07
401236,2025-06-10,2019,1001,2,135.33,270.66
401237,2025-06-10,2089,1020,2,122.38,244.77
401238,2025-06-10,2036,1019,1,198.76,198.76
401239,2025-06-10,2025,1004,3,122.3,366.9
401240,2025-06-10,2098,1017,2,113.38,226.75
401241,2025-06-10,2075,1013,2,118.79,237.59
401242,2025-06-10,2007,1001,2,120.67,241.33
401243,2025-06-10,2025,1005,1,205.46,205.46
401244,2025-06-10,2016,1003,1,124.55,124.55
401245,2025-06-11,2053,1002,2,208.07,416.14
401246,2025-06-11,2085,1005,1,199.83,199.83
401247,2025-06-11,2089,1015,2,210.8,421.6
401248,2025-06-11,2023,1018,1,200.82,200.82
401249,2025-06-11,2040,1005,3,200.2,600.6
401250,2025-06-11,2051,1017,1,116.64,116.64
401251,2025-06-11,2023,1003,3,117.09,351.28
401252,2025-06-11,2028,1004,3,116.52,349.55
401253,2025-06-11,2011,1003,1,118.95,118.95
401254,2025-06-11,2080,1012,2,118.54,237.07
401255,2025-06-11,2034,1012,1,121.79,121.79
401256,2025-06-11,2081,1007,2,116.37,232.74
401257,2025-06-11,2015,1016,1,198.04,198.04
401258,2025-06-11,2069,1010,1,115.45,115.45
401259,2025-06-12,2092,1009,3,199.24,597.73
401260,2025-06-12,2056,1006,3,202.58,607.75
401261,2025-06-12,2081,1013,3,118.0,353.99
401262,2025-06-12,2017,1005,2,207.36,414.71
401263,2025-06-12,2005,1001,3,122.16,366.48
401264,2025-06-12,2005,1020,2,115.2,230.39
401265,2025-06-12,2083,1013,2,122.15,244.29
401266,2025-06-12,2039,1006,2,206.92,413.84
401267,2025-06-12,2089,1014,1,124.77,124.77
401268,2025-06-12,2002,1015,3,201.04,603.11
401269,2025-06-12,2002,1009,2,203.79,407.59
401270,2025-06-12,2056,1005,1,215.78,215.78
401271,2025-06-12,2068,1018,2,198.38,396.75
401272,2025-06-12,2092,1004,3,122.01,366.02
401273,2025-06-12,2068,1011,1,127.97,127.97
401274,2025-06-12,2067,1014,1,118.94,118.94
401275,2025-06-12,2019,1019,2,199.28,398.57
401276,2025-06-12,2078,1011,3,119.85,359.56
401277,2025-06-12,2095,1018,3,205.88,617.65
401278,2025-06-12,2036,1011,2,121.0,242.0
401279,2025-06-12,2002,1002,2,207.38,414.76
401280,2025-06-12,2092,1020,2,132.58,265.16
401281,2025-06-12,2018,1012,1,118.77,118.77
401282,2025-06-13,2018,1014,3,125.71,377.12
401283,2025-06-13,2077,1001,1,128.86,128.86
401284,2025-06-13,2078,1019,2,192.89,385.78
401285,2025-06-13,2055,1006,3,203.2,609.59
401286,2025-06-13,2021,1004,1,119.9,119.9
401287,2025-06-13,2009,1012,1,121.67,121.67
401288,2025-06-13,2031,1005,2,207.19,414.39
401289,2025-06-13,2084,1013,3,128.44,385.32
401290,2025-06-13,2092,1011,1,119.58,119.58
401291,2025-06-13,2032,1004,1,114.97,114.97
401292,2025-06-13,2041,1008,1,202.08,202.08
401293,2025-06-13,2097,1013,1,112.79,112.79
401294,2025-06-13,2039,1001,2,120.81,241.63
401295,2025-06-14,2083,1016,2,194.45,388.9
401296,2025-06-14,2039,1020,2,119.94,239.88
401297,2025-06-14,2061,1017,2,125.61,251.21
401298,2025-06-14,2097,1010,3,116.86,350.57
401299,2025-06-14,2045,1004,2,119.15,238.31
401300,2025-06-14,2038,1012,2,123.1,246.21
401301,2025-06-14,2040,1006,3,203.69,611.07
401302,2025-06-14,2031,1008,1,194.91,194.91
401303,2025-06-14,2010,1008,1,208.25,208.25
401304,2025-06-14,2088,1001,2,118.44,236.89
401305,2025-06-14,2032,1017,2,122.32,244.64
401306,2025-06-14,2069,1016,2,193.81,387.61
401307,2025-06-14,2010,1014,2,113.04,226.07
401308,2025-06-14,2044,1018,1,199.38,199.38
401309,2025-06-14,2014,1005,3,211.5,634.51
401310,2025-06-15,2065,1016,1,209.97,209.97
401311,2025-06-15,2012,1019,3,186.08,558.24
401312,2025-06-15,2083,1013,1,122.94,122.94
401313,2025-06-15,2014,1004,2,113.44,226.88
401314,2025-06-15,2037,1015,3,194.98,584.95
401315,2025-06-15,2060,1016,3,208.25,624.74
401316,2025-06-15,2076,1005,1,188.72,188.72
401317,2025-06-15,2086,1018,1,191.8,191.8
401318,2025-06-15,2080,1003,3,126.43,379.28
401319,2025-06-15,2062,1002,1,199.05,199.05
401320,2025-06-15,2068,1003,3,126.98,380.94
401321,2025-06-15,2002,1006,3,196.8,590.41
401322,2025-06-16,2022,1017,1,114.64,114.64
401323,2025-06-16,2091,1016,2,200.77,401.54
401324,2025-06-16,2067,1020,3,127.52,382.56
401325,2025-06-16,2057,1017,3,115.59,346.78
401326,2025-06-16,2060,1004,3,117.94,353.83
401327,2025-06-16,2080,1004,3,128.31,384.94
401328,2025-06-16,2084,1018,2,200.33,400.66
401329,2025-06-16,2051,1001,3,123.12,369.35
401330,2025-06-16,2097,1015,3,197.28,591.83
401331,2025-06-16,2003,1019,2,196.28,392.56
401332,2025-06-16,2072,1019,3,200.86,602.58
401333,2025-06-16,2038,1003,2,124.8,249.59
401334,2025-06-17,2001,1002,2,199.59,399.18
401335,2025-06-17,2064,1010,3,114.96,344.88
401336,2025-06-17,2019,1014,1,116.58,116.58
401337,2025-06-17,2069,1005,3,204.2,612.6
401338,2025-06-17,2015,1013,3,128.11,384.33
401339,2025-06-17,2054,1011,1,125.12,125.12
401340,2025-06-17,2065,1020,3,117.1,351.3
401341,2025-06-17,2089,1011,1,119.53,119.53
401342,2025-06-17,2081,1012,1,114.87,114.87
401343,2025-06-17,2012,1004,2,131.53,263.06
401344,2025-06-17,2054,1019,3,199.62,598.86
401345,2025-06-17,2050,1006,2,190.38,380.75
401346,2025-06-17,2088,1002,3,200.86,602.58
401347,2025-06-17,2072,1005,3,203.57,610.7
401348,2025-06-17,2092,1002,2,208.11,416.21
401349,2025-06-17,2048,1005,2,191.21,382.42
401350,2025-06-17,2070,1012,2,121.06,242.12
401351,2025-06-18,2040,1013,1,116.04,116.04
401352,2025-06-18,2051,1012,1,118.13,118.13
401353,2025-06-18,2072,1004,1,118.88,118.88
401354,2025-06-18,2076,1009,3,200.62,601.86
401355,2025-06-18,2028,1013,1,120.61,120.61
401356,2025-06-18,2032,1013,3,116.57,349.72
401357,2025-06-18,2037,1020,3,120.62,361.87
401358,2025-06-18,2036,1017,1,124.91,124.91
401359,2025-06-18,2038,1013,2,122.93,245.85
401360,2025-06-18,2087,1020,3,120.34,361.03
401361,2025-06-18,2077,1007,1,110.31,110.31
401362,2025-06-18,2017,1016,1,209.65,209.65
401363,2025-06-18,2062,1015,3,191.97,575.91
401364,2025-06-19,2060,1006,1,201.6,201.6
401365,2025-06-19,2015,1001,3,117.43,352.28
401366,2025-06-19,2014,1007,3,118.38,355.14
401367,2025-06-19,2100,1012,3,124.52,373.55
401368,2025-06-19,2015,1019,3,200.05,600.16
401369,2025-06-19,2046,1006,3,215.19,645.57
401370,2025-06-19,2054,1003,2,120.93,241.87
401371,2025-06-19,2045,1016,3,211.71,635.14
401372,2025-06-19,2099,1010,2,115.62,231.23
401373,2025-06-19,2060,1014,2,129.39,258.78
401374,2025-06-19,2002,1006,1,202.89,202.89
401375,2025-06-19,2032,1020,3,116.91,350.72
401376,2025-06-19,2097,1001,2,127.82,255.64
401377,2025-06-20,2085,1017,1,124.67,124.67
401378,2025-06-20,2071,1008,1,182.29,182.29
401379,2025-06-20,2066,1017,1,119.05,119.05
401380,2025-06-20,2030,1008,3,196.99,590.98
401381,2025-06-20,2013,1006,1,211.79,211.79
401382,2025-06-20,2014,1005,2,192.51,385.02
401383,2025-06-20,2099,1019,3,197.06,591.18
401384,2025-06-20,2025,1017,2,119.48,238.96
401385,2025-06-20,2076,1005,2,196.16,392.33
401386,2025-06-20,2026,1007,2,121.6,243.21
401387,2025-06-20,2003,1004,2,118.61,237.22
401388,2025-06-21,2002,1003,3,121.79,365.38
401389,2025-06-21,2028,1005,3,203.25,609.75
401390,2025-06-21,2041,1015,1,204.05,204.05
401391,2025-06-21,2017,1002,2,199.67,399.34
401392,2025-06-21,2050,1007,1,124.24,124.24
401393,2025-06-21,2071,1016,1,188.18,188.18
401394,2025-06-21,2026,1002,2,202.79,405.57
401395,2025-06-21,2046,1015,1,189.7,189.7
401396,2025-06-21,2084,1005,3,195.73,587.18
401397,2025-06-21,2057,1005,1,193.58,193.58
401398,2025-06-22,2068,1004,1,115.6,115.6
401399,2025-06-22,2023,1011,2,122.1,244.2
401400,2025-06-22,2014,1016,3,202.85,608.56
401401,2025-06-22,2059,1001,3,121.66,364.99
401402,2025-06-22,2084,1014,2,121.51,243.03
401403,2025-06-22,2069,1020,3,120.01,360.03
401404,2025-06-22,2089,1009,1,207.16,207.16
401405,2025-06-22,2007,1002,3,197.06,591.17
401406,2025-06-22,2061,1008,3,192.76,578.28
401407,2025-06-22,2013,1019,2,196.51,393.02
401408,2025-06-22,2061,1017,2,122.84,245.67
401409,2025-06-22,2065,1006,1,197.02,197.02
401410,2025-06-23,2031,1009,2,187.86,375.72
401411,2025-06-23,2041,1018,1,200.41,200.41
401412,2025-06-23,2087,1016,1,198.83,198.83
401413,2025-06-23,2088,1012,2,121.95,243.9
401414,2025-06-23,2088,1020,1,121.64,121.64
401415,2025-06-23,2022,1018,1,187.34,187.34
401416,2025-06-23,2063,1009,1,187.09,187.09
401417,2025-06-23,2052,1001,1,123.38,123.38
401418,2025-06-23,2056,1012,3,114.4,343.2
401419,2025-06-23,2085,1007,2,115.9,231.8
401420,2025-06-23,2028,1009,2,205.16,410.31
401421,2025-06-23,2017,1001,1,109.86,109.86
401422,2025-06-23,2081,1008,2,201.31,402.63
401423,2025-06-23,2051,1013,2,116.68,233.36
401424,2025-06-24,2057,1017,3,120.59,361.77
401425,2025-06-24,2089,1009,2,195.04,390.07
401426,2025-06-24,2020,1001,2,113.96,227.91
401427,2025-06-24,2084,1017,1,125.76,125.76
401428,2025-06-24,2029,1018,2,198.95,397.9
401429,2025-06-24,2083,1010,1,113.32,113.32
401430,2025-06-24,2032,1007,3,121.57,364.72
401431,2025-06-24,2009,1018,1,205.64,205.64
401432,2025-06-24,2074,1019,3,198.36,595.08
401433,2025-06-24,2034,1007,1,123.22,123.22
401434,2025-06-24,2038,1009,1,201.23,201.23
401435,2025-06-24,2067,1016,2,197.91,395.81
401436,2025-06-24,2047,1013,3,109.91,329.73
401437,2025-06-24,2020,1017,2,131.46,262.92
401438,2025-06-24,2037,1014,1,119.91,119.91
401439,2025-06-24,2045,1010,2,119.23,238.46
401440,2025-06-24,2059,1020,1,118.21,118.21
401441,2025-06-24,2039,1005,2,200.57,401.14
401442,2025-06-24,2033,1018,2,203.04,406.09
401443,2025-06-24,2071,1011,2,123.71,247.41
401444,2025-06-24,2075,1013,3,122.55,367.66
401445,2025-06-24,2011,1007,2,118.63,237.25
401446,2025-06-24,2014,1006,1,194.19,194.19
401447,2025-06-24,2066,1003,3,113.02,339.07
401448,2025-06-25,2051,1003,3,114.63,343.88
401449,2025-06-25,2038,1002,2,207.26,414.52
401450,2025-06-25,2100,1015,1,197.25,197.25
401451,2025-06-25,2022,1009,3,206.77,620.32
401452,2025-06-25,2029,1011,3,120.66,361.99
401453,2025-06-25,2001,1016,3,207.31,621.92
401454,2025-06-25,2011,1007,3,113.62,340.87
401455,2025-06-25,2070,1010,2,119.07,238.13
401456,2025-06-25,2034,1010,2,121.6,243.2
401457,2025-06-25,2012,1011,3,120.09,360.26
401458,2025-06-25,2045,1003,1,116.78,116.78
401459,2025-06-25,2083,1008,3,207.64,622.91
401460,2025-06-25,2046,1013,2,124.38,248.75
401461,2025-06-25,2067,1001,2,107.01,214.02
401462,2025-06-25,2005,1006,2,197.81,395.62
401463,2025-06-26,2001,1001,1,113.32,113.32
401464,2025-06-26,2017,1018,2,211.34,422.68
401465,2025-06-26,2042,1001,3,115.66,346.98
401466,2025-06-26,2070,1018,3,216.59,649.77
401467,2025-06-26,2034,1018,3,192.93,578.8
401468,2025-06-26,2094,1019,3,188.52,565.57
401469,2025-06-26,2048,1015,3,197.75,593.25
401470,2025-06-26,2080,1018,2,187.38,374.76
401471,2025-06-26,2042,1017,1,124.45,124.45
401472,2025-06-26,2029,1010,3,123.34,370.01
401473,2025-06-26,2058,1002,3,195.83,587.5
401474,2025-06-26,2004,1016,2,197.8,395.61
401475,2025-06-26,2100,1010,2,120.86,241.72
401476,2025-06-26,2021,1003,1,123.64,123.64
401477,2025-06-26,2050,1003,2,122.71,245.42
401478,2025-06-27,2096,1004,1,111.04,111.04
401479,2025-06-27,2050,1011,1,114.36,114.36
401480,2025-06-27,2042,1004,2,124.56,249.12
401481,2025-06-27,2089,1003,1,115.88,115.88
401482,2025-06-27,2095,1003,2,120.46,240.91
401483,2025-06-27,2037,1005,2,191.03,382.06
401484,2025-06-27,2018,1013,1,115.53,115.53
401485,2025-06-27,2050,1013,2,124.23,248.46
401486,2025-06-27,2091,1005,3,205.51,616.53
401487,2025-06-27,2079,1002,1,194.44,194.44
401488,2025-06-27,2020,1017,2,127.36,254.73
401489,2025-06-27,2018,1007,1,121.49,121.49
401490,2025-06-27,2058,1012,3,124.83,374.49
401491,2025-06-27,2074,1017,2,114.97,229.95
401492,2025-06-27,2076,1020,2,114.85,229.71
401493,2025-06-27,2029,1009,1,208.77,208.77
401494,2025-06-27,2036,1017,1,124.05,124.05
401495,2025-06-27,2038,1018,2,196.93,393.85
401496,2025-06-27,2087,1006,1,193.56,193.56
401497,2025-06-27,2044,1008,1,181.52,181.52
401498,2025-06-28,2010,1006,3,191.14,573.41
401499,2025-06-28,2016,1003,2,116.18,232.36
401500,2025-06-28,2046,1004,3,116.95,350.86
401501,2025-06-28,2051,1003,2,131.0,262.01
401502,2025-06-28,2036,1007,1,124.75,124.75
401503,2025-06-28,2083,1013,1,111.68,111.68
401504,2025-06-28,2096,1004,2,121.84,243.68
401505,2025-06-28,2085,1005,2,197.02,394.05
401506,2025-06-28,2097,1008,3,201.64,604.91
401507,2025-06-28,2025,1011,3,121.5,364.51
401508,2025-06-28,2063,1007,1,128.27,128.27
401509,2025-06-28,2061,1010,2,124.07,248.14
401510,2025-06-29,2097,1003,1,117.37,117.37
401511,2025-06-29,2055,1003,3,122.09,366.26
401512,2025-06-29,2095,1009,2,202.92,405.85
401513,2025-06-29,2081,1013,2,120.9,241.8
401514,2025-06-29,2012,1003,2,116.93,233.85
401515,2025-06-29,2073,1005,3,197.59,592.78
401516,2025-06-29,2008,1009,1,194.7,194.7
401517,2025-06-29,2031,1004,3,117.1,351.31
401518,2025-06-29,2055,1014,3,122.67,368.01
401519,2025-06-29,2053,1001,1,122.99,122.99
401520,2025-06-29,2086,1020,1,121.71,121.71
401521,2025-06-29,2085,1003,3,125.01,375.04
401522,2025-06-29,2061,1006,2,198.67,397.34
401523,2025-06-29,2067,1015,1,203.53,203.53
401524,2025-06-29,2010,1005,3,197.45,592.34
401525,2025-06-29,2067,1011,3,120.45,361.34
401526,2025-06-29,2033,1014,1,120.27,120.27
401527,2025-06-29,2018,1015,1,187.28,187.28
401528,2025-06-30,2068,1015,1,196.26,196.26
401529,2025-06-30,2081,1020,2,124.42,248.84
401530,2025-06-30,2012,1011,2,120.78,241.55
401531,2025-06-30,2063,1006,1,199.36,199.36
401532,2025-06-30,2086,1017,2,113.97,227.95
401533,2025-06-30,2057,1017,3,123.93,371.8
401534,2025-06-30,2026,1007,2,121.13,242.26
401535,2025-06-30,2079,1014,1,117.55,117.55
401536,2025-06-30,2081,1002,2,201.64,403.28
401537,2025-06-30,2058,1002,2,196.52,393.04
401538,2025-06-30,2053,1008,2,199.8,399.6
